,Category,count,Score,Average Score
0,ANIMALS,1897,74965,39.517659462308906
1,SCIENCE,1796,71168,39.625835189309576
2,HEALTHY EATING,1717,69339,40.383808969132204
4,TECHNOLOGY,1698,68738,40.48174322732627
3,FOOD,1699,66676,39.244261330194234
